publication_date,job_type,job,company,city,country
2022-08-22,external,Software Architect (f/m/diverse) in Applications at evosoft GmbH,Siemens,Nürnberg, Germany
2022-09-09,external,"Sr Electrical Service Specialist - Smart Buildings - Des Moines, IA",Siemens,Des Moines, IA
2022-08-22,external,Sales Development Program Construction Sales Internship,Siemens,Cypress, CA
2022-08-22,external,Industrial Engineer - Capacity Increase Office (m/f/d),Siemens,Lisbon, Portugal
2022-09-24,external,PreSales Solution Consultant - Simcenter Culgi (Remote US/Europe),Siemens,Rome, Italy
2022-08-22,external,Meter Data Management Software Engineer,Siemens,Kuala Lumpur, Malaysia
2022-09-15,external,Siemens Sales Specialist for Datacenters and Electronics,Siemens,Manila, Philippines
2022-09-01,external,IT-Projekt Professional für Artificial Intelligence (AI) basierte Projekte (m/w/d),Siemens,Milan, Italy
2022-09-24,external,Escalation Manager (w/m/d) in the field of Drive Technology,Siemens,Nürnberg, Germany
2022-09-14,external,Senior Linux Developer/Architect,Siemens,Richmond, KY
2022-08-22,external,Senior Software Engineer (f/m/d) Event Stream Processing,Siemens,Nürnberg, Germany
2022-08-22,external,"""智&bull; 先锋"" 培训生_工艺工程师",Siemens,Beijing, China
2022-08-22,external,Incident Response Specialist / Cybersecurity operations (f/m/d),Siemens,Parla, Spain
2022-08-22,external,Sales Developer (m/w/d) Digital Enterprise Services,Siemens,Vienna, Austria
2022-09-22,external,Continuous Improvement Engineer - Rail Infrastructure,Siemens,Louisville, KY
2022-09-23,external,(Prüf-) Sachverständiger / Planprüfer (w/m/d) Leit- und Sicherungstechnik,Siemens,Munich, Germany
2022-09-10,external,Regional Account Manager,Siemens,Detroit, MI
2022-10-01,external,Werkstudent:in Informatik Softwareprogrammierung Zugbeeinflussung 40%,Siemens,Zurich, Switzerland
2022-08-22,external,Test Automation Engineer - TPS  (m/f/d),Siemens,Porto, Portugal
2022-09-30,external,SEDL Maintenance Manager 设备维护经理,Siemens,Tianjin, China
